{"homebrew_version":">1.2.0 (no git repository)","used_options":[],"unused_options":["--with-current-kernel","--without-binutils","--without-linux-headers"],"built_as_bottle":false,"poured_from_bottle":false,"installed_as_dependency":true,"installed_on_request":false,"changed_files":null,"time":1501721397,"source_modified_time":1391763878,"HEAD":"20bcce2c176469cec271b46d523eef1510217436","stdlib":null,"compiler":"gcc-7","runtime_dependencies":[],"source":{"path":"/home/linuxbrew/.linuxbrew/Homebrew/Library/Taps/homebrew/homebrew-core/Formula/glibc.rb","tap":"homebrew/core","spec":"stable","versions":{"stable":"2.19","devel":null,"head":null,"version_scheme":0}}}