{"homebrew_version":">1.2.0 (no git repository)","used_options":[],"unused_options":["--with-default-names","--without-gold","--without-zlib"],"built_as_bottle":true,"poured_from_bottle":true,"installed_as_dependency":false,"installed_on_request":true,"changed_files":["INSTALL_RECEIPT.json","x86_64-pc-linux-gnu/lib/ldscripts/elf32_x86_64.x","x86_64-pc-linux-gnu/lib/ldscripts/elf32_x86_64.xbn","x86_64-pc-linux-gnu/lib/ldscripts/elf32_x86_64.xc","x86_64-pc-linux-gnu/lib/ldscripts/elf32_x86_64.xd","x86_64-pc-linux-gnu/lib/ldscripts/elf32_x86_64.xdc","x86_64-pc-linux-gnu/lib/ldscripts/elf32_x86_64.xdw","x86_64-pc-linux-gnu/lib/ldscripts/elf32_x86_64.xn","x86_64-pc-linux-gnu/lib/ldscripts/elf32_x86_64.xs","x86_64-pc-linux-gnu/lib/ldscripts/elf32_x86_64.xsc","x86_64-pc-linux-gnu/lib/ldscripts/elf32_x86_64.xsw","x86_64-pc-linux-gnu/lib/ldscripts/elf32_x86_64.xw","x86_64-pc-linux-gnu/lib/ldscripts/elf_i386.x","x86_64-pc-linux-gnu/lib/ldscripts/elf_i386.xbn","x86_64-pc-linux-gnu/lib/ldscripts/elf_i386.xc","x86_64-pc-linux-gnu/lib/ldscripts/elf_i386.xd","x86_64-pc-linux-gnu/lib/ldscripts/elf_i386.xdc","x86_64-pc-linux-gnu/lib/ldscripts/elf_i386.xdw","x86_64-pc-linux-gnu/lib/ldscripts/elf_i386.xn","x86_64-pc-linux-gnu/lib/ldscripts/elf_i386.xs","x86_64-pc-linux-gnu/lib/ldscripts/elf_i386.xsc","x86_64-pc-linux-gnu/lib/ldscripts/elf_i386.xsw","x86_64-pc-linux-gnu/lib/ldscripts/elf_i386.xw","x86_64-pc-linux-gnu/lib/ldscripts/elf_iamcu.x","x86_64-pc-linux-gnu/lib/ldscripts/elf_iamcu.xbn","x86_64-pc-linux-gnu/lib/ldscripts/elf_iamcu.xc","x86_64-pc-linux-gnu/lib/ldscripts/elf_iamcu.xd","x86_64-pc-linux-gnu/lib/ldscripts/elf_iamcu.xdc","x86_64-pc-linux-gnu/lib/ldscripts/elf_iamcu.xdw","x86_64-pc-linux-gnu/lib/ldscripts/elf_iamcu.xn","x86_64-pc-linux-gnu/lib/ldscripts/elf_iamcu.xs","x86_64-pc-linux-gnu/lib/ldscripts/elf_iamcu.xsc","x86_64-pc-linux-gnu/lib/ldscripts/elf_iamcu.xsw","x86_64-pc-linux-gnu/lib/ldscripts/elf_iamcu.xw","x86_64-pc-linux-gnu/lib/ldscripts/elf_k1om.x","x86_64-pc-linux-gnu/lib/ldscripts/elf_k1om.xbn","x86_64-pc-linux-gnu/lib/ldscripts/elf_k1om.xc","x86_64-pc-linux-gnu/lib/ldscripts/elf_k1om.xd","x86_64-pc-linux-gnu/lib/ldscripts/elf_k1om.xdc","x86_64-pc-linux-gnu/lib/ldscripts/elf_k1om.xdw","x86_64-pc-linux-gnu/lib/ldscripts/elf_k1om.xn","x86_64-pc-linux-gnu/lib/ldscripts/elf_k1om.xs","x86_64-pc-linux-gnu/lib/ldscripts/elf_k1om.xsc","x86_64-pc-linux-gnu/lib/ldscripts/elf_k1om.xsw","x86_64-pc-linux-gnu/lib/ldscripts/elf_k1om.xw","x86_64-pc-linux-gnu/lib/ldscripts/elf_l1om.x","x86_64-pc-linux-gnu/lib/ldscripts/elf_l1om.xbn","x86_64-pc-linux-gnu/lib/ldscripts/elf_l1om.xc","x86_64-pc-linux-gnu/lib/ldscripts/elf_l1om.xd","x86_64-pc-linux-gnu/lib/ldscripts/elf_l1om.xdc","x86_64-pc-linux-gnu/lib/ldscripts/elf_l1om.xdw","x86_64-pc-linux-gnu/lib/ldscripts/elf_l1om.xn","x86_64-pc-linux-gnu/lib/ldscripts/elf_l1om.xs","x86_64-pc-linux-gnu/lib/ldscripts/elf_l1om.xsc","x86_64-pc-linux-gnu/lib/ldscripts/elf_l1om.xsw","x86_64-pc-linux-gnu/lib/ldscripts/elf_l1om.xw","x86_64-pc-linux-gnu/lib/ldscripts/elf_x86_64.x","x86_64-pc-linux-gnu/lib/ldscripts/elf_x86_64.xbn","x86_64-pc-linux-gnu/lib/ldscripts/elf_x86_64.xc","x86_64-pc-linux-gnu/lib/ldscripts/elf_x86_64.xd","x86_64-pc-linux-gnu/lib/ldscripts/elf_x86_64.xdc","x86_64-pc-linux-gnu/lib/ldscripts/elf_x86_64.xdw","x86_64-pc-linux-gnu/lib/ldscripts/elf_x86_64.xn","x86_64-pc-linux-gnu/lib/ldscripts/elf_x86_64.xs","x86_64-pc-linux-gnu/lib/ldscripts/elf_x86_64.xsc","x86_64-pc-linux-gnu/lib/ldscripts/elf_x86_64.xsw","x86_64-pc-linux-gnu/lib/ldscripts/elf_x86_64.xw","x86_64-pc-linux-gnu/lib/ldscripts/i386linux.x","x86_64-pc-linux-gnu/lib/ldscripts/i386linux.xbn","x86_64-pc-linux-gnu/lib/ldscripts/i386linux.xn"],"time":1501848764,"source_modified_time":1500890432,"HEAD":null,"stdlib":null,"compiler":"gcc-4.4","runtime_dependencies":[{"full_name":"zlib","version":"1.2.11"}],"source":{"path":"/home/linuxbrew/.linuxbrew/Homebrew/Library/Taps/homebrew/homebrew-core/Formula/binutils.rb","tap":"homebrew/core","spec":"stable","versions":{"stable":"2.29","devel":null,"head":null,"version_scheme":0}}}